MB_urchin,MB_echin,MB_Molls,SPC,RC_IND_2018,KW_Jap,RMI_bik_02_03,RMI_jp_10,RMI_09_10,RMI_ail,RMI_Ailk_06,LTO,RLS,RC_EST,RC_IND,RC_ATL,RC_HAW,RC_RED,RC_ARB,NOAA_PR_1999_2003,NOAA_PR_2004_2013,NOAA_PR_2013_2018,NOAA_MMT,NOAA_NA11,CCC_P,ECOT,NOAA_Fen_08,CCC_C,CCC_M
Acanthaster planci,Acanthaster planci,,Acanthaster planci,Banded coral shrimp,Ardeadoris egretta,Lobster,A. maurantania,A. maurantania,CRUSTACEANS,Lobster,All inverts?,,Blue sea star,Banded coral shrimp,Banded coral shrimp,Banded coral shrimp,Banded coral shrimp,Banded coral shrimp,Ancylomenes pedersoni,Ancylomenes pedersoni,Ancylomenes pedersoni,Grazing urchin sum,Grazing urchin sum,Feather Duster Worms,Crown of Thorns (Acanthaster planci),alpheid groove,Feather Duster Worms,Banded Coral Shrimp
Allostichaster polyplax,Anneisia intermedius,,Acanthopleura gemmata,Black urchin,Astralium haematragum,Triton,T. anax,T. anax,Lobster,Pearl oyster - P. margaritifera,,,crown of thorns,crown of thorns,Diadema,black urchin,Diadema,black urchin,Anomura spp.,Anomura spp.,Anomura spp.,Sea cucumber sum,Sea cucumber sum,Christmas Tree Worms,Marbled Sea Cucumber (Pearsonothuria graffei),barnacles in coral,Christmas Tree Worms,Diadema/Long spined sea urchin
Asthenosoma ijimai,Anneissia bennetti,,Actinodendron sp.,Blue sea star,Astralium heimburgi,Cowrie,H. atra,H. atra,MOLLUSCS,small giant clam - T. maxima,,,diadema,diadema,Edible sea cucumber,cowries,COTS,cowries,Astrophyton muricatum,Astrophyton muricatum,Astrophyton muricatum,Edible Shell sum,Edible Shell sum,Flatworms,Black Sea Cucumber (Holothuria atra),crab gall,Flatworms,Pencil urchin
Asthenosoma intermedium,Anneissia japonicus,,Actinopyga echinites,Cowries,Atrina japonica,Pearl oyster - P. margaritifera,H. edulis,H. edulis,Cowrie,real giant clam - T. gigas,,,Edible sea cucumber,Edible sea cucumber,Flamingo tongue,COTS,Edible sea cucumber,COTS,Carpilius corallinus,Carpilius corallinus,Carpilius corallinus,Echinometra,Echinometra,Shrimp,Pinkfish Sea Cucumber (Holothuria edulis),gall crabs,Banded Coral Shrimp,Collector urchin/sea egg
Austrofromia polypora,Apostrichopus japonicus,,Actinopyga lecanora,Crown-of-thorns starfish (COTS),Atrina vexillum,small giant calm - T. maxima,B. argus,B. argus,Pearl oyster - P. margaritifera,fluted giant clam - T. squamosa,,,lobster,Giant clam total,Gorgonian,Diadema,Giant clam total,Diadema,Coralliophila caribaea,Coralliophila caribaea,Coralliophila caribaea,Echinothrix,Echinothrix,Banded Coral Shrimp,Orange Spiked Sea Cucumber (Stichopus chloronotus),hermit crab,Spiny Lobster,Atlantic Triton trumpet
Banded Brittle Star,Bohadschia graeffei,,Actinopyga mauritiana,Diadema,Bivalvia sp.1,real giant clam - T. gigas,T. ananas,T. ananas,small giant calm - T. maxima,smooth clam - T. derasa,,,pencil urchin,lobster,Helmet conch,Edible sea cucumber,Slate pencil urchin,Edible sea cucumber,Coralliophila spp. ,Coralliophila spp. ,Coralliophila spp. ,Diadema,Diadema,Lobster,Hermann's Sea Cucumber (Stichopus herrmanni),hermit crabs in coral,Cowries,Flamingo tongue
brittle star,Clarkcomanthus albinotus,,Actinopyga miliaris,Edible sea cucumber,Bivalvia sp.2,fluted giant clam - T. squamosa,T. maxima,T. maxima,real giant clam - T. gigas,horse’s hoof  - H. hippopus,,,sea fan,slate pencil urchin,Lobster ,Giant clam total,Triton,Giant clam total,Ctenoides scaber,Ctenoides scaber,Ctenoides scaber,Heterocentrotus,Heterocentrotus,Conch,Brown Sand Fish Sea Cucumber (Bohadschia vitiensis),mysid shrimp schools,Triton's Trumpet,Spiny Lobster 
Brown Feather Star,Clarkcomanthus comanthipinna,,Actinopyga palauensis,Flamingo tongue,Bivalvia sp.3,smooth clam - T. derasa,T. squamosa,T. squamosa,fluted giant clam - T. squamosa,Turbant shell Trochus,,,Slate pencil urchin,triton ,Pencil urchin,lobster,Trochus,Gorgonian ,Cyphoma gibbosum,Cyphoma gibbosum,Cyphoma gibbosum,Echinostrephus,Echinostrephus,Cowrie,Long Spined Urchins (Diadema setosum),banded coral shrimp,Cone Shell,
Cenolia sp. (Black feather star),Clarkcomanthus littoralis,,Actinopyga sp.,Giant clam total,Bivalvia sp.4,horse’s hoof  - H. hippopus,T. gigas,T. gigas,smooth clam - T. derasa,Cuttlefish,,,Spider crab,trochus,Queen Conch,pencil urchin,,Lobster,Damithrax spinosissimus,Damithrax spinosissimus,Damithrax spinosissimus,Tripneustes gratiella,Tripneustes gratiella,Triton,Cushion star (Culcita spp.),Molluscs,Drupella,
Centrostephanus rodgersii,Clarkcomanthus mirabilis,,Actinopyga spinea,Gorgonian,Bohadschia graeffei,Long-spined black s.u.,lambis big fingers,lambis big fingers,horse’s hoof  - H. hippopus,Squid,,,Tripneustes,,Tripneustes,Tripneustes,,Pencil urchin,Diadema antillarum,Diadema antillarum,Diadema antillarum,Linckia,Linckia,Cone Shell,Sea star (Linckia spp.),conus,Topshell,
Centrostephanus rodgersii ,Clarkcomanthus sp.,,Aiptasia sp.,Helmet conch,Calcinus minutus,Pencil urchin,lambis lambis,lambis lambis,Cuttlefish,Octopus,,,,,Triton,triton,,Short spine urchin,Echinometra lucunter,Echinometra lucunter,Echinometra lucunter,Acanthaster,Acanthaster,Drupella,Giant clams (Tridacna spp. OTHER),cowrie,Nudibranch,
Centrostephanus tenuispinus,Clypeaster japonicus,,Anadara antiquata,Lobster,Calcinus pulcher,"black-pink sea cuke,  H. edulis",helmet conch,helmet conch,Squid,Long-spined black s.u.,,,,,,,,Tripneustes,Echinometra spp. ,Echinometra spp. ,Echinometra spp. ,Culcita,Culcita,Topshell,Boring clam (Tridacna crocea),nudibranch,Other Gastropod,
cucumber- 8-3-10_t3_24-26 cuc(1) -H. atra in Guide to Moreton Bay p154 - prob misnamed,Comanthus alternans,,Anadara scapha,Pencil urchin,Calcinus seurati,"spiky sea cuke, H.ananas",trochus,trochus,Octopus,Pencil urchin,,,,,,,,triton,Echinometra viridis,Echinometra viridis,Echinometra viridis,Gomphoria,Gomphoria,Nudibranch,"Drupella snails (Drupella spp.,0, >0-10, >10-100, >100-1000)",Phyllidia,Octopus,
Culcita novaeguineae,Comanthus gisleni,,Anadara sp.,Queen Conch,Caridea sp.,"giant sea cuke, H. anax",triton,triton,ECHINODERMS,"black-pink sea cuke,  H. edulis",,,,,,,,,Eucidaris tribuloides,Eucidaris tribuloides,Eucidaris tribuloides,Holothuria edulis,Holothuria edulis,Other Gastropods,Conch (Cassis spp.),spider conch,Cuttlefish,
"Dark/purple urchin with bunches of white spines (P1000918, 271)",Comanthus parvicirrus,,Arca sp.,Sea fan,Ceraesignum maximum,Crown-of-thorns ,tiger cowrie,tiger cowrie,Long-spined black s.u.,"black sea cuke, H. atra",,,,,,,,,Gastropoda spp. ,Gastropoda spp. ,Gastropoda spp. ,Holothuria nobolis,Holothuria nobolis,Octopus,Cowrie (Cypraea spp.),strombid,Squid,
dendrochirotes cucumber (buried with feeding tentacles visable),Comanthus suavia,,Arca ventricosa,Short spine urchin,Cerithium columna,Cushion star - Culcita,"P. bispinosa longipes (striped legs, pink antennae base)","P. bispinosa longipes (striped legs, pink antennae base)",Pencil urchin,"spiky sea cuke, H.ananas",,,,,,,,,Grapsus spp.  ,Grapsus spp.  ,Grapsus spp.  ,Holothuria atra,Holothuria atra,Cuttlefish,Varicose wart-slug (Phyllidia varicosa),vermatids,COTS,
Diadema savignyi,Comanthus wahlbergii,,Archaster typicus,Slate pencil urchin,Cerithium lifuense,"skinny star, Linckia",P. versicolor,P. versicolor,"black-pink sea cuke,  H. edulis","giant sea cuke, H. anax",,,,,,,,,Holothuria (Halodeima) mexicana,Holothuria (Halodeima) mexicana,Holothuria (Halodeima) mexicana,Total Genus Holothuria,Total Genus Holothuria,Squid,Dotted nudibranch (Jorunna funebris),giant clam,Chocolate-chip Seastar,
Diadema setosum,Comaster nobilis,,Asaphis violascens,Spider crab,Charybdis japonica,chocolate chip  - Protoreaster,P. pencillatus,P. pencillatus,"black sea cuke, H. atra",Crown-of-thorns ,,,,,,,,,Isostichopus badionotus,Isostichopus badionotus,Isostichopus badionotus,Total Genus Pearsonathuria,Total Genus Pearsonathuria,Acanthaster planci,Nudibranchs (Other),snail,Cushion Star,
Diadema sp.,Condrocidaris brevispina,,Astralium sp.,Tripneustes,Chelidonura amoena,,COTS,COTS,"spiky sea cuke, H.ananas",Cushion star - Culcita,,,,,,,,,Lobatus gigas,Lobatus gigas,Lobatus gigas,Stichopus chloronotus,Stichopus chloronotus,Blue Linkia,Flatworms (All Platyhelminthes),clam in coral,Feather Star,
Echinaster callosus,Diadema savignii,,Atergatis floridus,Triton,Chicoreus brunneus,,pincushion,pincushion,"giant sea cuke, H. anax","skinny star, Linckia",,,,,,,,,Octopus vulgaris,Octopus vulgaris,Octopus vulgaris,Stichopus horrens,Stichopus horrens,Granulated Seastar,Banded boxer shrimps (Stenopus hispidus),Echinoderms,Long Spine Sea Urchin,
Echinaster luzonicus,Diadema savignyi,,Atrina sp.,Trochus,Chicoreus ramosus,,,,Crown-of-thorns ,chocolate chip  - Protoreaster,,,,,,,,,Ophioderma spp.  ,Ophioderma spp.  ,Ophioderma spp.  ,Actinopyga mauritiana,Actinopyga mauritiana,Cushion Star,,crown-of-thorns,Pencil Urchin,
Echinaster varicolor,Diadema savingii,,Atrina vexillum,,Chicoreus strigatus,,,,Cushion star - Culcita,Diamonds,,,,,,,,,Ophiothrix (Acanthophiothrix) suensoni,Ophiothrix (Acanthophiothrix) suensoni,Ophiothrix (Acanthophiothrix) suensoni,Actinopyga miliaris,Actinopyga miliaris,Feather Star ,,Echinometra,Collector Urchin,
Echinometra mathaei,Diadema setosum,,Barbatia sp.,,Chromodoris colemani,,,,"skinny star, Linckia",,,,,,,,,,Paguristes spp.  ,Paguristes spp.  ,Paguristes spp.  ,Total Genus Bohadschia,Total Genus Bohadschia,Brittle Star,,Echinostrephus,Prickly Redfish Sea Cucumber,
Echinometra sp.,Diaema savignyi,,Beguina semiorbiculata,,Ciliopagurus strigatus,,,,chocolate chip  - Protoreaster,,,,,,,,,,Pagurus spp. ,Pagurus spp. ,Pagurus spp. ,Total Genus Synapta,Total Genus Synapta,Long Spine Sea Urchin,,Echinothrix diadema,Greenfish Seacucumber,
Echinostrephus aciculatus,Echinaster luzonicus,,Bohadschia argus,,Conomurex luhuanus,,,,,,,,,,,,,,Panulirus argus,Panulirus argus,Panulirus argus,Total Genus Thelenota,Total Genus Thelenota,Pencil Urchin,,feather star,Pinkfish Cucumber,
Echinostrephus faciolatus,Echinometra mathaei,,Bohadschia graeffei,,Conus balteatus,,,,,,,,,,,,,,Panulirus guttatus,Panulirus guttatus,Panulirus guttatus,Other Sea Cucumber,Other Sea Cucumber,Collector Urchin,,Fromia starfish,Giant Clams,
Echinostrephus molaris,Echinometra oblonga,,Bohadschia similis,,Conus capitaneus,,,,,,,,,,,,,,Percnon gibbesi,Percnon gibbesi,Percnon gibbesi,Crinoids,Crinoids,Prickly Redfish,,Lynkia leavengata,,
Echinothrix calamaris,Echinometra sp.1,,Bohadschia sp.,,Conus emaciatus,,,,,,,,,,,,,,Periclimenes spp.  ,Periclimenes spp.  ,Periclimenes spp.  ,Tridacna,Tridacna,Greenfish,,Lynkia multiflora,,
Echinothrix diadema,Echinometra sp.2,,Bohadschia vitiensis,,Conus rattus,,,,,,,,,,,,,,Pteria columbus,Pteria columbus,Pteria columbus,Trochus,Trochus,Pinkfish,,,,
Echinothrix sp,Echinostephanus moralis,,Bulla ampulla,,Conus tessulatus,,,,,,,,,,,,,,Scyllarides spp.   ,Scyllarides spp.   ,Scyllarides spp.   ,Lambis,Lambis,Other Sea Cucumbers,,,,
Echinothrix sp.,Echinothrix calamaris,,Bulla sp.,,Conus textile,,,,,,,,,,,,,,Stenopus hispidus,Stenopus hispidus,Stenopus hispidus,Turbo spp.,Turbo spp.,Giant Clams,,,,
feather star,Formia milleporella,,Bursa cruentata,,Coralliophila violacea,,,,,,,,,,,,,,Stenorhynchus seticornis,Stenorhynchus seticornis,Stenorhynchus seticornis,Octopus cyaniea,Octopus cyaniea,,,,,
Fromia elegans,Fromia indica,,Bursa granularis,,Cypraea mappa,,,,,,,,,,,,,,Stramonita rustica,Stramonita rustica,Stramonita rustica,Cone shells,Cone shells,,,,,
Fromia indica,Fromia monilis,,Calappa hepatica,,Dardanus gemmatus,,,,,,,,,,,,,,,,,Triton Trumpet,Triton Trumpet,,,,,
Gomophia sp,Fromila milleporella,,Calappa sp.,,Dardanus lagopodes,,,,,,,,,,,,,,,,,,,,,,,
Heliocidaris sp.,Heliocidaris crassispina,,Calcinus sp.,,Dardanus megistos,,,,,,,,,,,,,,,,,,,,,,,
Heliocidaris tuberculata,Holothuria leucospilota,,Carpilius maculatus,,Dendostrea frons,,,,,,,,,,,,,,,,,,,,,,,
Himerometra robustipinna,Holothuria pervicax,,Cassiopea  sp.,,Dendropoma maximum,,,,,,,,,,,,,,,,,,,,,,,
Holopneustes purpurascens,Lamplpmetra palmata,,Cassiopea andromeda,,Diadema savignyi,,,,,,,,,,,,,,,,,,,,,,,
Holothuria atra,Leiaster coriaceus,,Cassis cornuta,,Diadema setosum,,,,,,,,,,,,,,,,,,,,,,,
Holothuria hilla,Linckia laevigata,,Cerithium aluco,,Drupella cornus,,,,,,,,,,,,,,,,,,,,,,,
Holothuria sp.,Linckia multifora,,Cerithium nodulosum,,Echinaster luzonicus,,,,,,,,,,,,,,,,,,,,,,,
Linckia laevigata,Mespila globulus,,Cerithium sp.,,Echinometra mathaei,,,,,,,,,,,,,,,,,,,,,,,
Linckia multifora,Mithrodia clavigera,,Chama sp.,,Echinostrephus molaris,,,,,,,,,,,,,,,,,,,,,,,
NA,MUST HAVE,,Charonia sp.,,Echinothrix calamaris,,,,,,,,,,,,,,,,,,,,,,,
Ophidiaster confertus,no,,Charonia tritonis,,Euplica scripta,,,,,,,,,,,,,,,,,,,,,,,
Ophidiaster sp,Ophiomastrix janualis,,Chicoreus brunneus,,Euplica turturina,,,,,,,,,,,,,,,,,,,,,,,
Ophidiasteridae confertus,Ophiothrix purpurea,,Chicoreus ramosus,,Eurytrochus cognatus,,,,,,,,,,,,,,,,,,,,,,,
Pale orange star with purple-dark spots (left of P100035),Phanogenia gracilis,,Chicoreus sp.,,Flabellina rubrolineata,,,,,,,,,,,,,,,,,,,,,,,
Pentagonaster dubeni,Phyllacanthus imperialis,,Choriaster granulatus,,Fromia indica,,,,,,,,,,,,,,,,,,,,,,,
Pentagonaster duebeni,Pseudocentrotus depressus,,Cloth Cloth,,Fromia milleporella,,,,,,,,,,,,,,,,,,,,,,,
Petricia vernicina,Stichopus oshimae,,Codakia sp.,,Fromia monilis,,,,,,,,,,,,,,,,,,,,,,,
Phyllacanthus irregularis,Stomopneustes variolaris,,Coenobita sp.,,Gafrarium dispar,,,,,,,,,,,,,,,,,,,,,,,
Phyllacanthus longispinus,Toxopneustes elegans,,Conus arenatus,,Glossodoris cruenta,,,,,,,,,,,,,,,,,,,,,,,
Phyllacanthus parvispinus,Toxopneustes pileolus,,Conus bandanus,,Holothuria hilla,,,,,,,,,,,,,,,,,,,,,,,
Phyllacanthus parvispinus ,Tripeustes gratilla,,Conus capitaneus,,Holothuria leucospilota,,,,,,,,,,,,,,,,,,,,,,,
pic yellow one,,,Conus catus,,Holothuria pervicax,,,,,,,,,,,,,,,,,,,,,,,
pincushion urchin,,,Conus chaldeus,,Justitia longimanus,,,,,,,,,,,,,,,,,,,,,,,
Plectaster decanus,,,Conus coronatus,,Latirus polygonus,,,,,,,,,,,,,,,,,,,,,,,
Prionocidaris callista,,,Conus distans,,Lima vulgaris,,,,,,,,,,,,,,,,,,,,,,,
Pseudonepanthia nigrobrunnea,,,Conus ebraeus,,Linckia multifora,,,,,,,,,,,,,,,,,,,,,,,
small brown cucumber (not yet ID'd - abundance rating 1-5),,,Conus eburneus,,Mitra scutulata,,,,,,,,,,,,,,,,,,,,,,,
Tamaria sp,,,Conus emaciatus,,Monetaria annulus ,,,,,,,,,,,,,,,,,,,,,,,
Tripneustes gratilla,,,Conus episcopatus,,Morula granulata,,,,,,,,,,,,,,,,,,,,,,,
(blank),,,Conus flavidus,,Morula iostoma,,,,,,,,,,,,,,,,,,,,,,,
,,,Conus frigidus,,Morula japonica,,,,,,,,,,,,,,,,,,,,,,,
,,,Conus generalis,,Morula spinosa,,,,,,,,,,,,,,,,,,,,,,,
,,,Conus geographus,,Morula striata,,,,,,,,,,,,,,,,,,,,,,,
,,,Conus imperialis,,Myurella affinis,,,,,,,,,,,,,,,,,,,,,,,
,,,Conus leopardus,,Nassarius papillosus,,,,,,,,,,,,,,,,,,,,,,,
,,,Conus litteratus,,Neoferdina cumingi ,,,,,,,,,,,,,,,,,,,,,,,
,,,Conus lividus,,Notodoris citrina,,,,,,,,,,,,,,,,,,,,,,,
,,,Conus marmoreus,,Ophiocoma pica,,,,,,,,,,,,,,,,,,,,,,,
,,,Conus miles,,Ophiothrix purpurea,,,,,,,,,,,,,,,,,,,,,,,
,,,Conus miliaris,,Ophiurida sp.,,,,,,,,,,,,,,,,,,,,,,,
,,,Conus pulicarius,,Oxymeris dimidiata,,,,,,,,,,,,,,,,,,,,,,,
,,,Conus quercinus,,Paguritta vittata,,,,,,,,,,,,,,,,,,,,,,,
,,,Conus rattus,,Patella sp.,,,,,,,,,,,,,,,,,,,,,,,
,,,Conus sanguinolentus,,Pearsonothuria graeffei,,,,,,,,,,,,,,,,,,,,,,,
,,,Conus sp.,,Pedum spondyloideum,,,,,,,,,,,,,,,,,,,,,,,
,,,Conus striatus,,Phyllidia coelestis,,,,,,,,,,,,,,,,,,,,,,,
,,,Conus textile,,Phyllidia picta,,,,,,,,,,,,,,,,,,,,,,,
,,,Conus vexillum,,Phyllidiella pustulosa,,,,,,,,,,,,,,,,,,,,,,,
,,,Conus virgo,,Pinctada margaritifera,,,,,,,,,,,,,,,,,,,,,,,
,,,Coralliophila neritoidea,,Planaxis sulcatus,,,,,,,,,,,,,,,,,,,,,,,
,,,Coralliophila sp.,,Pleuroploca trapezium,,,,,,,,,,,,,,,,,,,,,,,
,,,Cryptoplax sp.,,Pododesmus macrochisma,,,,,,,,,,,,,,,,,,,,,,,
,,,Culcita novaeguineae,,Pteraeolidia ianthina,,,,,,,,,,,,,,,,,,,,,,,
,,,Culcita sp.,,Pusia daedala,,,,,,,,,,,,,,,,,,,,,,,
,,,Cymatium lotorium,,Pyrene punctata,,,,,,,,,,,,,,,,,,,,,,,
,,,Cymatium muricinum,,Rhynchocinetes durbanensis,,,,,,,,,,,,,,,,,,,,,,,
,,,Cymatium rubeculum,,Risbercia tryoni,,,,,,,,,,,,,,,,,,,,,,,
,,,Cymatium sp.,,Stichopus naso,,,,,,,,,,,,,,,,,,,,,,,
,,,Cypraea annulus,,Stomopneustes variolaris,,,,,,,,,,,,,,,,,,,,,,,
,,,Cypraea arabica,,Streptopinna saccata,,,,,,,,,,,,,,,,,,,,,,,
,,,Cypraea caputserpensis,,Tectus niloticus,,,,,,,,,,,,,,,,,,,,,,,
,,,Cypraea carneola,,Tectus pyramis,,,,,,,,,,,,,,,,,,,,,,,
,,,Cypraea erosa,,Tectus triserialis,,,,,,,,,,,,,,,,,,,,,,,
,,,Cypraea isabella ,,Tenguella granulata,,,,,,,,,,,,,,,,,,,,,,,
,,,Cypraea mappa,,Terebellum terebellum,,,,,,,,,,,,,,,,,,,,,,,
,,,Cypraea mappa mappa,,Tetralia glaberrima,,,,,,,,,,,,,,,,,,,,,,,
,,,Cypraea moneta,,Thais echinata,,,,,,,,,,,,,,,,,,,,,,,
,,,Cypraea sp.,,Thor amboinensis,,,,,,,,,,,,,,,,,,,,,,,
,,,Cypraea talpa,,Tridacna crocea,,,,,,,,,,,,,,,,,,,,,,,
,,,Cypraea tigris,,Tridacna maxima,,,,,,,,,,,,,,,,,,,,,,,
,,,Dardanus sp.,,Tridacna squamosa,,,,,,,,,,,,,,,,,,,,,,,
,,,Dendropoma maximum,,Trochus histrio,,,,,,,,,,,,,,,,,,,,,,,
,,,Diadema sp.,,Trochus maculatus,,,,,,,,,,,,,,,,,,,,,,,
,,,Distorsio anus,,Turridrupa bijubata,,,,,,,,,,,,,,,,,,,,,,,
,,,Dolabella auricularia,,,,,,,,,,,,,,,,,,,,,,,,,
,,,Dolabella sp.,,,,,,,,,,,,,,,,,,,,,,,,,
,,,Drupa morum,,,,,,,,,,,,,,,,,,,,,,,,,
,,,Drupa ricinus,,,,,,,,,,,,,,,,,,,,,,,,,
,,,Drupa rubusidaeus,,,,,,,,,,,,,,,,,,,,,,,,,
,,,Drupa sp.,,,,,,,,,,,,,,,,,,,,,,,,,
,,,Drupella cornus,,,,,,,,,,,,,,,,,,,,,,,,,
,,,Drupella sp.,,,,,,,,,,,,,,,,,,,,,,,,,
,,,Echinodiscus bisperforatus,,,,,,,,,,,,,,,,,,,,,,,,,
,,,Echinometra mathaei,,,,,,,,,,,,,,,,,,,,,,,,,
,,,Echinometra oblonga,,,,,,,,,,,,,,,,,,,,,,,,,
,,,Echinometra sp.,,,,,,,,,,,,,,,,,,,,,,,,,
,,,Echinostrephus sp.,,,,,,,,,,,,,,,,,,,,,,,,,
,,,Echinothrix calamaris,,,,,,,,,,,,,,,,,,,,,,,,,
,,,Echinothrix diadema,,,,,,,,,,,,,,,,,,,,,,,,,
,,,Echinothrix sp.,,,,,,,,,,,,,,,,,,,,,,,,,
,,,Entacmaea quadricolor,,,,,,,,,,,,,,,,,,,,,,,,,
,,,Eriphia sebana,,,,,,,,,,,,,,,,,,,,,,,,,
,,,Etisus splendidus,,,,,,,,,,,,,,,,,,,,,,,,,
,,,Euapta sp.,,,,,,,,,,,,,,,,,,,,,,,,,
,,,Eucidaris sp.,,,,,,,,,,,,,,,,,,,,,,,,,
,,,Fragum fragum,,,,,,,,,,,,,,,,,,,,,,,,,
,,,Fragum unedo,,,,,,,,,,,,,,,,,,,,,,,,,
,,,Fromia sp.,,,,,,,,,,,,,,,,,,,,,,,,,
,,,Gafrarium pectinatum,,,,,,,,,,,,,,,,,,,,,,,,,
,,,Gafrarium tumidum,,,,,,,,,,,,,,,,,,,,,,,,,
,,,Gonodactylus sp.,,,,,,,,,,,,,,,,,,,,,,,,,
,,,Grapsus albolineatus,,,,,,,,,,,,,,,,,,,,,,,,,
,,,Grapsus grapsus,,,,,,,,,,,,,,,,,,,,,,,,,
,,,Haliotis asinina,,,,,,,,,,,,,,,,,,,,,,,,,
,,,Haliotis sp.,,,,,,,,,,,,,,,,,,,,,,,,,
,,,Heteractis aurora,,,,,,,,,,,,,,,,,,,,,,,,,
,,,Heteractis sp.,,,,,,,,,,,,,,,,,,,,,,,,,
,,,Heterocentrotus mammillatus,,,,,,,,,,,,,,,,,,,,,,,,,
,,,Heterocentrotus sp.,,,,,,,,,,,,,,,,,,,,,,,,,
,,,Heterocentrotus trigonarius,,,,,,,,,,,,,,,,,,,,,,,,,
,,,Hippopus hippopus,,,,,,,,,,,,,,,,,,,,,,,,,
,,,Holothuria atra,,,,,,,,,,,,,,,,,,,,,,,,,
,,,Holothuria coluber,,,,,,,,,,,,,,,,,,,,,,,,,
,,,Holothuria edulis,,,,,,,,,,,,,,,,,,,,,,,,,
,,,Holothuria flavomaculata,,,,,,,,,,,,,,,,,,,,,,,,,
,,,Holothuria fuscogilva,,,,,,,,,,,,,,,,,,,,,,,,,
,,,Holothuria fuscopunctata,,,,,,,,,,,,,,,,,,,,,,,,,
,,,Holothuria hilla,,,,,,,,,,,,,,,,,,,,,,,,,
,,,Holothuria impatiens,,,,,,,,,,,,,,,,,,,,,,,,,
,,,Holothuria lessoni,,,,,,,,,,,,,,,,,,,,,,,,,
,,,Holothuria leucospilota,,,,,,,,,,,,,,,,,,,,,,,,,
,,,Holothuria nobilis,,,,,,,,,,,,,,,,,,,,,,,,,
,,,Holothuria pervicax,,,,,,,,,,,,,,,,,,,,,,,,,
,,,Holothuria scabra,,,,,,,,,,,,,,,,,,,,,,,,,
,,,Holothuria scabra versicolor,,,,,,,,,,,,,,,,,,,,,,,,,
,,,Holothuria sp.,,,,,,,,,,,,,,,,,,,,,,,,,
,,,Hyotissa sp.,,,,,,,,,,,,,,,,,,,,,,,,,
,,,Laganum depressum,,,,,,,,,,,,,,,,,,,,,,,,,
,,,Lambis chiragra,,,,,,,,,,,,,,,,,,,,,,,,,
,,,Lambis crocata,,,,,,,,,,,,,,,,,,,,,,,,,
,,,Lambis lambis,,,,,,,,,,,,,,,,,,,,,,,,,
,,,Lambis millepeda,,,,,,,,,,,,,,,,,,,,,,,,,
,,,Lambis scorpius,,,,,,,,,,,,,,,,,,,,,,,,,
,,,Lambis sp.,,,,,,,,,,,,,,,,,,,,,,,,,
,,,Lambis truncata,,,,,,,,,,,,,,,,,,,,,,,,,
,,,Latirolagena smaragdula,,,,,,,,,,,,,,,,,,,,,,,,,
,,,Lima sp.,,,,,,,,,,,,,,,,,,,,,,,,,
,,,Linckia guildingi,,,,,,,,,,,,,,,,,,,,,,,,,
,,,Linckia laevigata,,,,,,,,,,,,,,,,,,,,,,,,,
,,,linckia sp.,,,,,,,,,,,,,,,,,,,,,,,,,
,,,Lysiosquillina maculata,,,,,,,,,,,,,,,,,,,,,,,,,
,,,Lysiosquillina sp.,,,,,,,,,,,,,,,,,,,,,,,,,
,,,Malleus sp.,,,,,,,,,,,,,,,,,,,,,,,,,
,,,Mespilia globulus,,,,,,,,,,,,,,,,,,,,,,,,,
,,,Metal Metal,,,,,,,,,,,,,,,,,,,,,,,,,
,,,Mitra mitra,,,,,,,,,,,,,,,,,,,,,,,,,
,,,Mitra sp.,,,,,,,,,,,,,,,,,,,,,,,,,
,,,Mitra stictica,,,,,,,,,,,,,,,,,,,,,,,,,
,,,Modiolus  sp.,,,,,,,,,,,,,,,,,,,,,,,,,
,,,Morula sp.,,,,,,,,,,,,,,,,,,,,,,,,,
,,,Nardoa novaecaledoniae,,,,,,,,,,,,,,,,,,,,,,,,,
,,,Nardoa sp.,,,,,,,,,,,,,,,,,,,,,,,,,
,,,Nassarius sp.,,,,,,,,,,,,,,,,,,,,,,,,,
,,,Nerita polita,,,,,,,,,,,,,,,,,,,,,,,,,
,,,Nerita sp.,,,,,,,,,,,,,,,,,,,,,,,,,
,,,Net-Line Net-Line,,,,,,,,,,,,,,,,,,,,,,,,,
,,,Octopus cyanea,,,,,,,,,,,,,,,,,,,,,,,,,
,,,Octopus sp.,,,,,,,,,,,,,,,,,,,,,,,,,
,,,Odontodactylus scyllarus,,,,,,,,,,,,,,,,,,,,,,,,,
,,,Oliva sp.,,,,,,,,,,,,,,,,,,,,,,,,,
,,,Ovula ovum,,,,,,,,,,,,,,,,,,,,,,,,,
,,,Panulirus femoristriga albiflagellum,,,,,,,,,,,,,,,,,,,,,,,,,
,,,Panulirus longipes,,,,,,,,,,,,,,,,,,,,,,,,,
,,,Panulirus penicillatus,,,,,,,,,,,,,,,,,,,,,,,,,
,,,Panulirus sp.,,,,,,,,,,,,,,,,,,,,,,,,,
,,,Panulirus versicolor,,,,,,,,,,,,,,,,,,,,,,,,,
,,,Parribacus caledonicus,,,,,,,,,,,,,,,,,,,,,,,,,
,,,Penaeus sp.,,,,,,,,,,,,,,,,,,,,,,,,,
,,,Periglypta puerpera,,,,,,,,,,,,,,,,,,,,,,,,,
,,,Periglypta reticulata,,,,,,,,,,,,,,,,,,,,,,,,,
,,,Periglypta sp.,,,,,,,,,,,,,,,,,,,,,,,,,
,,,Peristernia sp.,,,,,,,,,,,,,,,,,,,,,,,,,
,,,Pilumnus sp.,,,,,,,,,,,,,,,,,,,,,,,,,
,,,Pinctada fucata,,,,,,,,,,,,,,,,,,,,,,,,,
,,,Pinctada margaritifera,,,,,,,,,,,,,,,,,,,,,,,,,
,,,Pinctada sp.,,,,,,,,,,,,,,,,,,,,,,,,,
,,,Pinna bicolor,,,,,,,,,,,,,,,,,,,,,,,,,
,,,Pinna sp.,,,,,,,,,,,,,,,,,,,,,,,,,
,,,Pitar prora,,,,,,,,,,,,,,,,,,,,,,,,,
,,,Pitar sp.,,,,,,,,,,,,,,,,,,,,,,,,,
,,,Plastic Plastic,,,,,,,,,,,,,,,,,,,,,,,,,
,,,Pleuroploca filamentosa,,,,,,,,,,,,,,,,,,,,,,,,,
,,,Pleuroploca sp.,,,,,,,,,,,,,,,,,,,,,,,,,
,,,Pleuroploca trapezium,,,,,,,,,,,,,,,,,,,,,,,,,
,,,Polinices sp.,,,,,,,,,,,,,,,,,,,,,,,,,
,,,Portunus pelagicus,,,,,,,,,,,,,,,,,,,,,,,,,
,,,Portunus sp.,,,,,,,,,,,,,,,,,,,,,,,,,
,,,Protoreaster nodosus,,,,,,,,,,,,,,,,,,,,,,,,,
,,,Pteria sp.,,,,,,,,,,,,,,,,,,,,,,,,,
,,,Rhinoclavis fasciata,,,,,,,,,,,,,,,,,,,,,,,,,
,,,Saccostrea sp.,,,,,,,,,,,,,,,,,,,,,,,,,
,,,Saron sp.,,,,,,,,,,,,,,,,,,,,,,,,,
,,,Scylla serrata,,,,,,,,,,,,,,,,,,,,,,,,,
,,,Serpulorbis colubrinus,,,,,,,,,,,,,,,,,,,,,,,,,
,,,Siphonaria sirius,,,,,,,,,,,,,,,,,,,,,,,,,
,,,Spondylus sp.,,,,,,,,,,,,,,,,,,,,,,,,,
,,,Spondylus squamosus,,,,,,,,,,,,,,,,,,,,,,,,,
,,,Stenopus hispidus,,,,,,,,,,,,,,,,,,,,,,,,,
,,,Stichodactyla gigantea,,,,,,,,,,,,,,,,,,,,,,,,,
,,,Stichodactyla sp.,,,,,,,,,,,,,,,,,,,,,,,,,
,,,Stichopus chloronotus,,,,,,,,,,,,,,,,,,,,,,,,,
,,,Stichopus hermanni,,,,,,,,,,,,,,,,,,,,,,,,,
,,,Stichopus hermanni-horrens,,,,,,,,,,,,,,,,,,,,,,,,,
,,,Stichopus horrens,,,,,,,,,,,,,,,,,,,,,,,,,
,,,Stichopus vastus,,,,,,,,,,,,,,,,,,,,,,,,,
,,,Strombus gibberulus gibbosus,,,,,,,,,,,,,,,,,,,,,,,,,
,,,Strombus labiatus,,,,,,,,,,,,,,,,,,,,,,,,,
,,,Strombus lentiginosus,,,,,,,,,,,,,,,,,,,,,,,,,
,,,Strombus luhuanus,,,,,,,,,,,,,,,,,,,,,,,,,
,,,Strombus mutabilis,,,,,,,,,,,,,,,,,,,,,,,,,
,,,Strombus sp.,,,,,,,,,,,,,,,,,,,,,,,,,
,,,Synapta sp.,,,,,,,,,,,,,,,,,,,,,,,,,
,,,Tapes literatus,,,,,,,,,,,,,,,,,,,,,,,,,
,,,Tectus conus,,,,,,,,,,,,,,,,,,,,,,,,,
,,,Tectus fenestratus,,,,,,,,,,,,,,,,,,,,,,,,,
,,,Tectus pyramis,,,,,,,,,,,,,,,,,,,,,,,,,
,,,Tectus sp.,,,,,,,,,,,,,,,,,,,,,,,,,
,,,Telescopium telescopium,,,,,,,,,,,,,,,,,,,,,,,,,
,,,Tellina palatum,,,,,,,,,,,,,,,,,,,,,,,,,
,,,Tellina scobinata,,,,,,,,,,,,,,,,,,,,,,,,,
,,,Terebra areolata,,,,,,,,,,,,,,,,,,,,,,,,,
,,,Terebra maculata,,,,,,,,,,,,,,,,,,,,,,,,,
,,,Terebra sp.,,,,,,,,,,,,,,,,,,,,,,,,,
,,,Thais aculeata,,,,,,,,,,,,,,,,,,,,,,,,,
,,,Thais armigera,,,,,,,,,,,,,,,,,,,,,,,,,
,,,Thais kieneri,,,,,,,,,,,,,,,,,,,,,,,,,
,,,Thais sp.,,,,,,,,,,,,,,,,,,,,,,,,,
,,,Thais tuberosa,,,,,,,,,,,,,,,,,,,,,,,,,
,,,Thalamita sp.,,,,,,,,,,,,,,,,,,,,,,,,,
,,,Thalassina sp.,,,,,,,,,,,,,,,,,,,,,,,,,
,,,Thelenota ananas,,,,,,,,,,,,,,,,,,,,,,,,,
,,,Thelenota anax,,,,,,,,,,,,,,,,,,,,,,,,,
,,,Thor amboinensis,,,,,,,,,,,,,,,,,,,,,,,,,
,,,Toxopneustes pileolus,,,,,,,,,,,,,,,,,,,,,,,,,
,,,Toxopneustes sp.,,,,,,,,,,,,,,,,,,,,,,,,,
,,,Trachycardium enode,,,,,,,,,,,,,,,,,,,,,,,,,
,,,Trachycardium sp.,,,,,,,,,,,,,,,,,,,,,,,,,
,,,Tridacna crocea,,,,,,,,,,,,,,,,,,,,,,,,,
,,,Tridacna derasa,,,,,,,,,,,,,,,,,,,,,,,,,
,,,Tridacna gigas,,,,,,,,,,,,,,,,,,,,,,,,,
,,,Tridacna maxima,,,,,,,,,,,,,,,,,,,,,,,,,
,,,Tridacna sp.,,,,,,,,,,,,,,,,,,,,,,,,,
,,,Tridacna squamosa,,,,,,,,,,,,,,,,,,,,,,,,,
,,,Tridacna tevoroa,,,,,,,,,,,,,,,,,,,,,,,,,
,,,Tripneustes gratilla,,,,,,,,,,,,,,,,,,,,,,,,,
,,,Trochus maculata,,,,,,,,,,,,,,,,,,,,,,,,,
,,,Trochus niloticus,,,,,,,,,,,,,,,,,,,,,,,,,
,,,Trochus sp.,,,,,,,,,,,,,,,,,,,,,,,,,
,,,Turbo argyrostomus,,,,,,,,,,,,,,,,,,,,,,,,,
,,,Turbo chrysostomus,,,,,,,,,,,,,,,,,,,,,,,,,
,,,Turbo crassus,,,,,,,,,,,,,,,,,,,,,,,,,
,,,Turbo marmoratus,,,,,,,,,,,,,,,,,,,,,,,,,
,,,Turbo petholatus,,,,,,,,,,,,,,,,,,,,,,,,,
,,,Turbo setosus,,,,,,,,,,,,,,,,,,,,,,,,,
,,,Turbo sp.,,,,,,,,,,,,,,,,,,,,,,,,,
,,,Tutufa bubo,,,,,,,,,,,,,,,,,,,,,,,,,
,,,Tutufa rubeta,,,,,,,,,,,,,,,,,,,,,,,,,
,,,Tutufa sp.,,,,,,,,,,,,,,,,,,,,,,,,,
,,,Vasum ceramicum,,,,,,,,,,,,,,,,,,,,,,,,,
,,,Vasum sp.,,,,,,,,,,,,,,,,,,,,,,,,,
,,,Vasum turbinellum,,,,,,,,,,,,,,,,,,,,,,,,,
